./onnx/mnist_concat.onnx,./vnnlib/index8709_delta0.15.vnnlib,300
./onnx/mnist_concat.onnx,./vnnlib/index8573_delta0.15.vnnlib,300
./onnx/mnist_concat.onnx,./vnnlib/index7879_delta0.15.vnnlib,300
./onnx/mnist_concat.onnx,./vnnlib/index9043_delta0.15.vnnlib,300
./onnx/mnist_concat.onnx,./vnnlib/index8801_delta0.15.vnnlib,300
./onnx/mnist_concat.onnx,./vnnlib/index1981_delta0.15.vnnlib,300
./onnx/mnist_concat.onnx,./vnnlib/index6399_delta0.15.vnnlib,300
./onnx/mnist_concat.onnx,./vnnlib/index1873_delta0.15.vnnlib,300
./onnx/mnist_concat.onnx,./vnnlib/index9583_delta0.15.vnnlib,300
./onnx/mnist_concat.onnx,./vnnlib/index4624_delta0.15.vnnlib,300
./onnx/mnist_concat.onnx,./vnnlib/index5420_delta0.15.vnnlib,300
./onnx/mnist_concat.onnx,./vnnlib/index5175_delta0.15.vnnlib,300
./onnx/mnist_concat.onnx,./vnnlib/index6586_delta0.15.vnnlib,300
./onnx/mnist_concat.onnx,./vnnlib/index1984_delta0.15.vnnlib,300
./onnx/mnist_concat.onnx,./vnnlib/index7300_delta0.15.vnnlib,300
./onnx/mnist_concat.onnx,./vnnlib/index4022_delta0.15.vnnlib,300
./onnx/mnist_concat.onnx,./vnnlib/index874_delta0.15.vnnlib,300
./onnx/mnist_concat.onnx,./vnnlib/index3042_delta0.15.vnnlib,300
./onnx/mnist_concat.onnx,./vnnlib/index8868_delta0.15.vnnlib,300
./onnx/mnist_concat.onnx,./vnnlib/index4215_delta0.15.vnnlib,300
./onnx/mnist_concat.onnx,./vnnlib/index1071_delta0.15.vnnlib,300
./onnx/mnist_concat.onnx,./vnnlib/index9404_delta0.15.vnnlib,300
./onnx/mnist_concat.onnx,./vnnlib/index7062_delta0.15.vnnlib,300
./onnx/mnist_concat.onnx,./vnnlib/index3122_delta0.15.vnnlib,300
./onnx/mnist_concat.onnx,./vnnlib/index8834_delta0.15.vnnlib,300
./onnx/mnist_concat.onnx,./vnnlib/index8772_delta0.15.vnnlib,300
./onnx/mnist_concat.onnx,./vnnlib/index5242_delta0.15.vnnlib,300
./onnx/mnist_concat.onnx,./vnnlib/index9831_delta0.15.vnnlib,300
./onnx/mnist_concat.onnx,./vnnlib/index6078_delta0.15.vnnlib,300
./onnx/mnist_concat.onnx,./vnnlib/index5996_delta0.15.vnnlib,300
./onnx/mnist_concat.onnx,./vnnlib/index991_delta0.15.vnnlib,300
./onnx/mnist_concat.onnx,./vnnlib/index9882_delta0.15.vnnlib,300
./onnx/mnist_concat.onnx,./vnnlib/index3249_delta0.15.vnnlib,300
./onnx/mnist_concat.onnx,./vnnlib/index512_delta0.15.vnnlib,300
./onnx/mnist_concat.onnx,./vnnlib/index4843_delta0.15.vnnlib,300
./onnx/mnist_concat.onnx,./vnnlib/index7142_delta0.15.vnnlib,300
./onnx/mnist_concat.onnx,./vnnlib/index5276_delta0.15.vnnlib,300
./onnx/mnist_concat.onnx,./vnnlib/index2807_delta0.15.vnnlib,300
./onnx/mnist_concat.onnx,./vnnlib/index9714_delta0.15.vnnlib,300
./onnx/mnist_concat.onnx,./vnnlib/index7827_delta0.15.vnnlib,300
./onnx/mnist_concat.onnx,./vnnlib/index8693_delta0.15.vnnlib,300
./onnx/mnist_concat.onnx,./vnnlib/index7909_delta0.15.vnnlib,300
./onnx/mnist_concat.onnx,./vnnlib/index2087_delta0.15.vnnlib,300
./onnx/mnist_concat.onnx,./vnnlib/index1816_delta0.15.vnnlib,300
./onnx/mnist_concat.onnx,./vnnlib/index3300_delta0.15.vnnlib,300
./onnx/mnist_concat.onnx,./vnnlib/index2672_delta0.15.vnnlib,300
./onnx/mnist_concat.onnx,./vnnlib/index6033_delta0.15.vnnlib,300
./onnx/mnist_concat.onnx,./vnnlib/index9942_delta0.15.vnnlib,300
./onnx/mnist_concat.onnx,./vnnlib/index1346_delta0.15.vnnlib,300
./onnx/mnist_concat.onnx,./vnnlib/index3226_delta0.15.vnnlib,300
./onnx/mnist_concat.onnx,./vnnlib/index6269_delta0.15.vnnlib,300
./onnx/mnist_concat.onnx,./vnnlib/index8687_delta0.15.vnnlib,300
./onnx/mnist_concat.onnx,./vnnlib/index8191_delta0.15.vnnlib,300
./onnx/mnist_concat.onnx,./vnnlib/index1612_delta0.15.vnnlib,300
./onnx/mnist_concat.onnx,./vnnlib/index8046_delta0.15.vnnlib,300
./onnx/mnist_concat.onnx,./vnnlib/index4112_delta0.15.vnnlib,300
./onnx/mnist_concat.onnx,./vnnlib/index4988_delta0.15.vnnlib,300
./onnx/mnist_concat.onnx,./vnnlib/index7805_delta0.15.vnnlib,300
./onnx/mnist_concat.onnx,./vnnlib/index9870_delta0.15.vnnlib,300
./onnx/mnist_concat.onnx,./vnnlib/index8212_delta0.15.vnnlib,300
./onnx/mnist_concat.onnx,./vnnlib/index3921_delta0.15.vnnlib,300
./onnx/mnist_concat.onnx,./vnnlib/index2495_delta0.15.vnnlib,300
./onnx/mnist_concat.onnx,./vnnlib/index3243_delta0.15.vnnlib,300
./onnx/mnist_concat.onnx,./vnnlib/index8422_delta0.15.vnnlib,300
./onnx/mnist_concat.onnx,./vnnlib/index8525_delta0.15.vnnlib,300
./onnx/mnist_concat.onnx,./vnnlib/index9013_delta0.15.vnnlib,300
./onnx/mnist_concat.onnx,./vnnlib/index6846_delta0.15.vnnlib,300
./onnx/mnist_concat.onnx,./vnnlib/index1013_delta0.15.vnnlib,300
./onnx/mnist_concat.onnx,./vnnlib/index5853_delta0.15.vnnlib,300
./onnx/mnist_concat.onnx,./vnnlib/index8690_delta0.15.vnnlib,300
./onnx/mnist_concat.onnx,./vnnlib/index8164_delta0.15.vnnlib,300
./onnx/mnist_concat.onnx,./vnnlib/index4811_delta0.15.vnnlib,300
